job_id,CPU_hours,memory_GB,performance_score
job_001,8.12,64,1
job_002,19.06,4,2
job_003,14.91,32,1
job_004,12.37,8,3
job_005,3.96,128,2
job_006,3.96,64,3
job_007,2.1,32,2
job_008,17.46,4,2
job_009,12.42,4,1
job_010,14.45,16,3
job_011,1.39,16,2
job_012,19.43,8,1
job_013,16.82,32,1
job_014,5.03,32,1
job_015,4.45,128,1
